case,asm,rs,mcu,mcu_tot
snr_sd0.3,1,"[[0, 0]]",36,36
snr_sd0.5,1,"[[0, 0]]",36,36
snr_sd0.8,1,"[[0, 0]]",36,36
snr_sd1.0,1,"[[1, 2]]",0,0
snr_sd1.3,0,[],0,0
snr_sd1.6,0,[],0,0
snr_sd2.0,0,[],0,0
sweep0,1,"[[0, 0]]",36,36
sweep100,1,"[[0, 0]]",36,36
sweep200,1,"[[0, 0]]",36,36
sweep500,1,"[[0, 0]]",36,36
sweep1000,1,"[[0, 0]]",36,36
cw0,1,"[[0, 0]]",36,36
cw3,1,"[[0, 0]]",36,36
cw6,1,"[[0, 0]]",36,36
cw12,0,[],0,0
cw20,0,[],0,0
gap0,0,[],0,0
gap1,1,"[[0, 4]]",36,36
gap2,1,"[[0, 5]]",36,36
gap4,1,"[[0, 5]]",36,36
