t_sec,rss_kb,alive
0,89456,1
10,90096,1
20,91120,1
30,92272,1
40,92568,1
50,92952,1
60,93256,1
70,95688,1
80,96072,1
90,96200,1
100,96584,1
110,96968,1
120,97344,1
130,97600,1
140,97984,1
150,100544,1
160,101056,1
170,101568,1
180,102080,1
190,102592,1
200,103104,1
210,103744,1
220,104256,1
230,104768,1
240,105336,1
250,105848,1
260,106360,1
270,106872,1
280,107384,1
290,107896,1
300,112504,1
310,113016,1
320,113528,1
330,114040,1
340,114552,1
350,115064,1
360,115576,1
370,115960,1
380,116472,1
390,116984,1
400,117368,1
410,117880,1
420,118392,1
430,118904,1
440,119416,1
450,119928,1
460,120440,1
470,120844,1
480,121356,1
490,121868,1
500,122380,1
510,122892,1
520,123404,1
530,123788,1
540,124300,1
550,124812,1
560,125324,1
570,125836,1
580,126348,1
590,137100,1
600,137612,1
